Caratteristica,Peso
scream,0.10552173185287046
shoulder,0.07713885565965141
door,0.07464038235652942
