Caratteristica,Peso
male,0.06877458194242535
mean,0.06492510397121169
woman,-0.05090840427688975
