Gruppo,Media TTR
Testi umani,0.7929268640152837
Testi macchina,0.71198352562484
